{"loss": [16.673385620117188, 1.2079335451126099, 0.5104479193687439, 0.41562360525131226, 0.31963902711868286, 0.27452024817466736, 0.2439131736755371, 0.21978220343589783, 0.17261090874671936, 0.139705628156662, 0.11610110104084015, 0.0950847938656807, 0.07244428247213364, 0.06480857729911804, 0.06315216422080994, 0.04171489551663399, 0.04000462591648102, 0.03359858691692352, 0.037011437118053436, 0.038043681532144547, 0.022347182035446167, 0.02693493291735649, 0.021928373724222183, 0.019985457882285118, 0.01834128051996231, 0.016111064702272415, 0.020328354090452194, 0.016319869086146355, 0.023073552176356316, 0.024642372503876686], "accuracy": [0.09333333373069763, 0.14666666090488434, 0.24666666984558105, 0.23999999463558197, 0.31333333253860474, 0.4333333373069763, 0.5333333611488342, 0.5866666436195374, 0.699999988079071, 0.7866666913032532, 0.8266666531562805, 0.8999999761581421, 0.9266666769981384, 0.9266666769981384, 0.9399999976158142, 1.0, 0.9800000190734863, 0.9866666793823242, 0.9800000190734863, 0.9866666793823242, 0.9866666793823242, 0.9866666793823242, 1.0, 1.0, 0.9933333396911621, 1.0, 0.9933333396911621, 0.9933333396911621, 1.0, 0.9733333587646484], "val_loss": [2.2406325340270996, 0.4552920162677765, 0.46292099356651306, 0.288244366645813, 0.28313055634498596, 0.2511059045791626, 0.19496238231658936, 0.1647098958492279, 0.12851935625076294, 0.084808349609375, 0.06138601899147034, 0.04962540790438652, 0.03196202218532562, 0.039259422570466995, 0.021363873034715652, 0.020685510709881783, 0.011269265785813332, 0.009653422981500626, 0.010034095495939255, 0.007367882877588272, 0.005967915058135986, 0.0033744049724191427, 0.0069910879246890545, 0.0015293301548808813, 0.0059181260876357555, 0.0018964145565405488, 0.0016931864665821195, 0.005852859001606703, 0.002822629874572158, 0.003002726938575506], "val_accuracy": [0.11999999731779099, 0.18000000715255737, 0.3199999928474426, 0.3799999952316284, 0.3799999952316284, 0.5600000023841858, 0.6399999856948853, 0.7400000095367432, 0.7799999713897705, 0.8799999952316284, 0.9399999976158142, 0.9599999785423279, 1.0, 0.9800000190734863, 1.0, 1.0, 1.0, 1.0, 1.0, 1.0, 1.0, 1.0, 1.0, 1.0, 1.0, 1.0, 1.0, 1.0, 1.0, 1.0]}